LocationID,D_EWR_miles,D_JFK_miles,D_LGA_miles
1,0.163104216007574,21.0404301153645,16.7705256890439
2,18.6794548144768,3.26506902723442,11.2895005536615
3,20.952965944841,15.841117792553,6.2083659606374
4,10.6134167196501,11.8756449362981,6.52178128292078
5,9.48332295170059,22.3843705645415,22.6211978865844
6,8.18351424678131,15.6595347029478,16.0065066654574
7,14.2393608192088,11.1344994234161,2.61737388541968
8,14.5302566478845,12.1492702056835,2.57081918107187
9,20.6840654067806,7.59952959786711,4.84492244203404
10,20.1073724996359,2.68785787116282,8.04319103339632
11,10.5515694233449,12.2988800500825,13.8265632829061
12,8.37764969473604,13.1529147833622,9.00184365100588
13,8.44324113590679,13.3939380858787,8.68338453877583
14,8.7986756096301,13.25171713986,13.3070366920086
15,21.3491420572428,9.82230000530688,4.62693933147199
16,21.6023323942567,8.39419491290968,5.35325264403802
17,11.7673725109618,9.64925743643227,7.11370732958252
18,19.3093990143233,16.7055953086593,6.32933569429008
19,23.6690794868897,7.04379547638629,8.22552636898597
20,19.0598413812003,15.9857877000304,5.62264067712529
21,11.715590703123,11.1206803788959,13.4136255601909
22,10.8073438593681,11.5637553876606,13.0316697887648
23,5.74151423207229,20.7388608847837,19.5093575590069
24,13.420356954354,14.8162189480119,5.08935055230299
25,9.87361697000249,11.3244302041253,8.61525685208109
26,10.5472593896928,11.0634181357396,11.7372977932715
27,16.6749966387025,8.82581631803972,15.1448336755277
28,19.2205861706236,5.11538797343611,5.65979817080723
29,13.4664578623008,10.4717747097726,14.291347335568
30,19.4111542906895,3.46942788822597,12.2749935486913
31,19.4921109820869,15.7998416448738,5.58649116325086
32,20.1934726412297,16.0440982095835,6.03701303534494
33,9.40068851718301,11.9870391862158,8.46742098243956
34,10.6796103225015,10.9235692232583,7.31400322582945
35,13.9581413357589,7.10305986618951,8.02827191132472
36,13.4738940373742,8.38283407513865,5.75202368556072
37,13.2211832557048,8.41573728943481,6.19713475170826
38,22.9983263422197,4.28984466797978,9.22370704434122
39,14.8332410314279,6.38129261606538,9.6888372907488
40,9.38182004320115,11.7150886889253,9.29231716436397
41,14.1233434464398,14.4617453339574,4.46551468756839
42,15.126147646781,14.9009303093239,4.51260096930908
43,12.6860023663211,13.8396633889747,4.80564250260206
44,11.7475500122348,25.2025581168517,25.6312619227319
45,9.37268095052956,12.5353345235039,7.8779223531735
46,23.3119759552782,14.3582063945191,6.93024451968498
47,17.8321784294646,15.3189387556541,4.75333742839736
48,10.8975739699821,13.8874558449149,6.14581555555393
49,11.1146504592982,10.1813890402576,7.69166648754425
50,10.7849694383202,14.2743033111104,6.38123091321718
51,22.1493394947726,16.2892572602854,7.12066411211794
52,9.31611126277534,11.8790202671952,8.95382492334723
53,18.4783662377573,10.2244326952103,1.65509585261732
54,8.99123455938551,12.2018808125162,9.16333234522622
55,12.4960691425894,11.8709196659876,15.0496573074554
56,16.915542125093,8.10780110549082,2.57744391467832
57,17.3481833651332,8.59925274425844,2.03587903780626
58,21.298300195606,14.0054287729279,5.26804969277267
59,17.889239442802,14.9394934905189,4.39878766722644
60,18.1048780628043,14.4605438583825,3.99340781751124
61,12.3680778180559,8.75405409466336,7.85972348918206
62,11.9331757807729,9.11566042518617,8.5721030806905
63,15.5304109580957,6.01244244597863,6.43361504453672
64,23.3101499216583,8.49030501960386,7.13601160100012
65,9.87897857241806,11.5217508998525,8.1359761321181
66,9.92957450496737,11.6661722020995,7.79700891223619
67,9.70919686107633,12.450028645314,13.1044980058515
68,10.0080973618942,13.7774653732221,6.87708424386515
69,16.7495695661401,14.9647654538941,4.33512276179429
70,16.8208388226767,9.66887998069221,0.980947573620872
71,12.7839629963409,8.38393617567682,9.75598865190412
72,13.4659310647287,7.5955988599652,8.96804776935962
73,19.7402685235324,7.94304299542161,3.82954149426618
74,14.6166467991864,13.8402986604883,3.71388185802158
75,13.843326943089,13.5152714496121,3.86150841554332
76,15.7234060350791,5.3498740520099,8.0139158290702
77,14.7123299168806,6.38978866434101,7.70557497596307
78,18.5487610685749,15.1537409149182,4.74101446778938
79,10.2213087020418,12.4159261000323,6.77652034249695
80,12.5788659512943,9.76416372262884,5.37389174824473
81,22.0762813618833,16.8384659008595,7.44879639367463
82,15.9527207924793,8.5406923113996,2.5895887642519
83,15.1658535148938,8.98096449324445,2.8300042957125
84,11.1328110285178,22.8569727905036,23.7591561902402
85,12.0590005804352,9.10336042047028,9.9087776463678
86,22.7879414546389,2.94088425053969,13.5655797903016
87,8.82971084621567,12.8449247999673,8.50249974846301
88,8.59155538965529,12.9617261474877,8.81170943378642
89,11.7456267833078,9.5906621954968,10.6295714174413
90,9.98679084338849,13.4223190162128,6.86599076010909
91,13.5349565912485,8.0372672224595,10.8143402536696
92,18.7626836370549,8.69410708188878,2.60219840742382
93,17.8268556049689,7.61291826767724,3.04505667146184
94,18.5145791581092,16.2759352514986,5.77085843130405
95,17.2604271014199,6.62886328334173,4.07283448132114
96,15.8787802536339,6.22917232466621,5.52199015824568
97,10.4584328308192,10.8652344920989,7.95605414631003
98,21.0357146015164,6.43714084905354,5.85129490212884
99,7.81384244363123,21.8771909043814,21.4293060877885
100,10.6835299773885,13.4878542515583,6.22048441233862
101,24.5833690053575,8.04197669628183,8.79242325840313
102,15.6808535056663,6.6840683401905,5.06913789991158
103,6.76953996900749,14.399591671234,10.7978226612273
104,7.03491076011503,14.3268101786383,10.265079081492
105,8.14315341353188,13.0486022504212,9.73444665255405
106,9.69646737753402,11.3610556008603,9.39874607667048
107,10.4964715640353,12.6486207404266,6.39091745697526
108,12.2988370838028,11.2735127722954,14.1883696702367
109,9.59024053834705,20.5110441574522,21.2687980456265
110,10.2210369573452,19.5251851514003,20.8019711009669
111,9.99565548101179,11.1462115391712,10.5530268348531
112,12.102208762556,10.8548343739733,5.13380169751271
113,9.89578658605551,12.9649649931515,7.00186536461752
114,9.65712617104268,12.9679137914972,7.27745011381511
115,6.71279756299759,16.321833587424,15.6864611768859
116,15.1707521547768,15.6289133474885,5.21350213651443
117,21.2286381376186,3.31954384888699,13.3843945068098
118,7.4385122353379,18.994206770736,18.897414448975
119,16.551053815509,15.6353195158822,5.01617232625223
120,16.7742885711556,16.2704422418174,5.64529656727999
121,19.6704970669619,6.14724130892984,5.02874052689453
122,21.7021990159183,4.8726886061535,7.47440718579337
123,12.6364881310202,10.176229953533,13.1100000473346
124,17.4055824820015,3.69329117352763,8.33844880510053
125,9.10946011980266,13.3766391326697,7.81311390808597
126,17.3347720679188,13.0719156280492,2.50413549422459
127,18.0865033149557,17.1995713485777,6.60120553808464
128,18.1912452103822,17.7066296035215,7.10326455741569
129,15.8511075037012,9.78752192297529,1.47733293559619
130,19.9599287102178,4.43645716152385,6.53167464174966
131,20.9783018611507,5.48399483231437,6.43134386479101
132,20.5436569545336,0.591282935973484,10.0777614332916
133,10.9286038211659,10.3862368943099,10.8330322683088
134,18.1588702999521,5.32031014341059,5.31508943550529
135,18.6984924403037,6.42626284023005,4.34501799207618
136,18.573361187927,16.8586879223802,6.3293291212885
137,10.9507119282114,12.4480288920709,5.92632397981858
138,16.8090496596453,10.4679440917869,0.175486377484119
139,22.5603206036211,3.0444116160143,9.68086783108273
140,12.6479848021438,12.6185813595004,4.29780192832588
141,12.458216100133,12.8757179487696,4.53339009924972
142,11.6563255097233,14.0404399056735,5.63098073806035
143,11.4630044705229,14.3884719338117,5.94657182452296
144,9.55094691178138,12.7160838233853,7.50828997959639
145,12.4297096603757,11.4791216114115,4.48385987934831
146,13.3238458437,11.3271142308322,3.54736339439114
147,16.9967051642834,13.8542543560728,3.23097766298042
148,9.82977039061498,12.3734412421255,7.31298773641322
149,13.228063777828,9.26481402512971,12.5018689996648
150,14.257942772039,9.64611096421147,14.0537734802379
151,13.1462857293139,14.7049861669711,5.13674639946785
152,14.569058696019,15.2849535377641,5.04669291099419
153,18.892695308314,17.6302752362084,7.1043343590564
154,15.7211060008267,7.31499844337245,12.7552419604383
155,14.540850502536,7.42640978634583,11.4211371929049
156,4.03874069460151,20.4150057946515,18.3604558037046
157,14.4533512626537,8.66121516019856,3.94477216267136
158,9.22184416191449,13.7211486335214,7.63411495864892
159,16.3308623437415,14.1164647832885,3.50653152512878
160,15.551244514252,7.54121736240023,4.05875121529036
161,11.3410158036636,13.2047476213282,5.58093374568901
162,11.5583688460895,12.9270649143305,5.3330860107609
163,11.5380498231631,13.4734504129139,5.48758821739499
164,10.7227251953963,13.1375459570903,6.13757838057201
165,12.3547722976588,9.47688190342385,11.6175764110057
166,13.8813897673503,15.0824913887247,5.1123492802165
167,17.1406922417993,14.4172627405159,3.79843997535262
168,15.755258930601,13.5790858337104,3.07298091026359
169,17.895176513851,15.8200728585686,5.24462554311094
170,11.0252988626686,12.8178914488103,5.82763573599354
171,19.8704508931153,8.93169553480234,3.42394879396677
172,8.91318723869604,17.8090843333115,18.6397271614454
173,16.8823369907383,8.88337079232678,1.7756513354828
174,20.1754001481476,17.1296258781294,6.93078851420554
175,22.2937687547626,7.11132671273017,6.68037135204373
176,9.22100145779752,18.8840023218355,19.7534090867041
177,13.6972283884253,7.51193325075512,7.23126489245815
178,11.8077439137138,10.21528148504,12.1261574954768
179,14.081205048486,11.9555304283322,2.86668089229448
180,17.1844181961255,4.32127954013517,7.14048174071714
181,10.2033146218631,10.8448650539841,9.26341636466855
182,19.475221692536,14.2031343904587,4.28687566447433
183,21.0643999790503,14.6330694099176,5.46410691593525
184,22.8158072233876,15.7597934790056,7.19859822574085
185,20.2578218450873,15.2562638940786,5.45239025251824
186,10.3690552014272,13.4512557376621,6.50148076354762
187,4.59144290316881,19.038805973609,17.3463857933094
188,12.0867804320541,8.95867284466296,9.02442431915615
189,10.8722809944975,10.2442339407942,8.4293171342961
190,10.9439375664769,10.1006715415224,9.3886524961524
191,22.7499350047305,5.4701816971125,8.13070612028937
192,19.1845972771495,7.34120368877718,3.83484683704991
193,13.1209253857747,11.8880824276603,3.73821164810248
194,14.8438334913943,12.878124124959,2.82064343389999
195,8.71571552038098,12.3410376572703,9.95690361932028
196,16.4931478608092,7.37026095918401,3.55029573657261
197,18.002904792001,4.60403812488089,6.12101977056383
198,14.3382597008018,7.89108350309168,5.07413083996463
199,16.8147075105797,11.7114807089341,1.08271175009006
200,20.1592654789413,19.0741867052599,8.64658734647683
201,18.9915365053794,5.55795146775051,13.8368781529228
202,12.777721143686,12.2665231137302,4.10737413295135
203,22.9014087007384,2.32552417516883,10.8300688292131
204,10.4537177731014,23.6015648938637,23.944369731561
205,21.5512114225682,3.53580267460997,8.29135101687361
206,5.14793002627362,16.999200828214,15.2911673218752
207,15.2987689024513,10.5922409964057,1.59880043696278
208,20.5644429375484,12.7993978611665,4.15355807113286
209,9.05051099360516,12.7138201421327,8.24844617611879
210,13.9951952111101,9.17319265049337,13.24063173905
211,9.36570954064478,13.0239455940479,7.61453007401722
212,18.5997416457504,13.7557870497897,3.53119695803474
213,18.7841651113078,12.8988576350343,2.9491637822841
214,8.49323657202,16.5579127096914,17.1863558657262
215,20.0958654318045,3.73220069717062,7.16729233745237
216,18.6255712979842,3.24020894982868,7.52402754229918
217,11.3539051216792,10.4012720831289,6.71138033943008
218,21.0701632307829,2.14389673959938,8.96625291531235
219,21.5671035861552,1.60944590887458,9.78269251498018
220,19.1874157959223,18.0456751327001,7.53745735061319
221,7.19728718449503,15.5787025184729,15.1266644735826
222,15.5798102893433,5.48562842416194,8.94976683373061
223,15.3427210108991,11.5292348857366,1.64369671684796
224,10.7695504111037,12.1357403226314,6.207877797649
225,12.7111199333469,8.68627048730956,6.83909848927016
226,13.5010826325289,10.1651735127494,3.79081120352761
227,9.49010056320253,11.8778806198577,11.5693531400942
228,8.93073099512977,12.2477833769996,11.2132142616325
229,11.9062202372116,12.6336996965266,4.9691140053386
230,11.0862272199353,13.5501386793558,5.88600835033383
231,8.94347879813195,13.148527871515,8.11183476702547
232,10.1800524160315,11.876369309779,7.14290873008275
233,11.4722547474246,12.5636734440613,5.3805094097454
234,10.2585404885474,13.061373449186,6.59780130481025
235,17.6031721101044,16.2811621144855,5.66730135436087
236,13.0051076572339,13.424696419091,4.35010869883018
237,12.2262109957115,13.1859778987942,4.82886898647037
238,12.6920650791972,14.5680158873126,5.28186465947293
239,12.1552938921437,14.4035290438303,5.49596812776163
240,20.8558748469791,18.3261697067169,8.14297123212267
241,19.489421781709,17.3766895563676,6.97481629785654
242,20.1308857544223,14.6971400597285,4.98024815152942
243,17.1468838671419,16.9687185398844,6.33849361114141
244,16.10594209165,16.2733121235827,5.69870818553161
245,5.5653196556547,17.0459279960684,15.7052787409123
246,9.95684269019669,14.1403690107421,6.99641800774387
247,16.2542418505094,15.0614626706266,4.4613406711486
248,18.709658669641,14.2089425572835,3.95770588528875
249,9.51282088981273,13.4245977868386,7.35179793764401
250,19.6954260685202,13.6907565285456,4.03810854745747
251,5.64046218625231,18.2870864266609,17.1933257935559
252,19.9854889712345,10.338275818276,3.15053027890321
253,18.1291221425919,8.88374785989001,2.04979961090188
254,21.2063708282939,17.1712258892506,7.31506010286143
255,11.5494628445181,10.8148388217752,5.93122777069227
256,11.3376817557501,10.6711220018259,6.40551048928523
257,10.5928318440804,10.5130710176422,10.1103608389448
258,16.6988863343702,5.22539507161962,6.16697048098343
259,22.1721373017011,18.1509343089917,8.43978589773333
260,14.5453036176184,9.78233677156438,2.82012096554042
261,8.56682671964629,13.1726011154741,8.65359027118242
262,13.347350838055,12.8193702410787,3.79451612545077
263,13.2270113126199,13.123506481747,4.03133222076441
